InvoiceMonth,TotalRevenue,customers,orders,AvgOrderValue
2010-12,555620.59,883,1385,401.17
2011-01,455255.73,736,972,468.37
2011-02,437291.74,755,986,443.5
2011-03,570677.13,968,1299,439.32
2011-04,448018.55,848,1127,397.53
2011-05,650817.39,1050,1526,426.49
2011-06,603658.7,986,1374,439.34
2011-07,581093.57,945,1313,442.57
2011-08,622665.8,933,1262,493.4
2011-09,925700.71,1252,1724,536.95
2011-10,964236.96,1356,1878,513.44
2011-11,1125520.13,1656,2630,427.95
2011-12,343858.21,610,771,445.99
