StockCode,Description,TotalRevenue,UnitsSold
22423,REGENCY CAKESTAND 3 TIER,136303.15,11846
85123A,WHITE HANGING HEART T-LIGHT HOLDER,93937.95,34193
85099B,JUMBO BAG RED RETROSPOT,80514.2,43480
47566,PARTY BUNTING,67451.03,14969
84879,ASSORTED COLOUR BIRD ORNAMENT,56477.25,35301
23084,RABBIT NIGHT LIGHT,51208.92,27136
79321,CHILLI LIGHTS,45877.01,9560
22086,PAPER CHAIN KIT 50'S CHRISTMAS,41107.23,15009
21137,BLACK RECORD COVER FRAME,38974.55,11382
22197,SMALL POPCORN HOLDER,37063.73,48961
